{"cameraMode":{"drawMode":0,"name":"Shaded","section":"Shading Mode"},"sceneLighting":false,"audioPlay":false,"sceneViewState":{"showFog":true,"showMaterialUpdate":false,"showSkybox":false,"showFlares":true,"showImageEffects":true,"showParticleSystems":true},"in2DMode":false,"pivot":{"x":12.477325439453125,"y":9.107606887817383,"z":13.201967239379883},"rotation":{"x":0.019791409373283387,"y":-0.6183608770370483,"z":-0.01557946391403675,"w":-0.7854937314987183},"size":5.725663185119629,"orthographic":false}