{"cameraMode":{"drawMode":0,"name":"Shaded","section":"Shading Mode"},"sceneLighting":true,"audioPlay":false,"sceneViewState":{"showFog":true,"showMaterialUpdate":false,"showSkybox":true,"showFlares":true,"showImageEffects":true,"showParticleSystems":true},"in2DMode":false,"pivot":{"x":15.059380531311036,"y":1.7029039859771729,"z":12.309741973876954},"rotation":{"x":-0.03977291285991669,"y":-0.4779728353023529,"z":0.021672477945685388,"w":-0.8772097826004028},"size":12.461819648742676,"orthographic":false}