{"cameraMode":{"drawMode":0,"name":"Shaded","section":"Shading Mode"},"sceneLighting":false,"audioPlay":false,"sceneViewState":{"showFog":true,"showMaterialUpdate":false,"showSkybox":false,"showFlares":true,"showImageEffects":true,"showParticleSystems":true},"in2DMode":false,"pivot":{"x":12.920829772949219,"y":7.525485992431641,"z":14.56416130065918},"rotation":{"x":-0.07283006608486176,"y":-0.5002158284187317,"z":0.04227585718035698,"w":-0.8618083000183106},"size":7.6071038246154789,"orthographic":false}