{"cameraMode":{"drawMode":0,"name":"Shaded","section":"Shading Mode"},"sceneLighting":false,"audioPlay":false,"sceneViewState":{"showFog":true,"showMaterialUpdate":false,"showSkybox":false,"showFlares":true,"showImageEffects":true,"showParticleSystems":true},"in2DMode":false,"pivot":{"x":12.920829772949219,"y":7.525485992431641,"z":14.56416130065918},"rotation":{"x":-0.06040298566222191,"y":-0.8384835124015808,"z":0.09499368071556092,"w":-0.5331853032112122},"size":6.652482509613037,"orthographic":false}